,_id,country,city,confirmed,deaths,population,lat,long
0,61eab83a50fb09bc0bd86145,Afghanistan,False,159303,7386,35530081,33.93911,67.709953
1,61eab83a50fb09bc0bd86146,Albania,False,241512,3286,2930187,41.1533,20.1683
2,61eab83a50fb09bc0bd86147,Algeria,False,230470,6453,41318142,28.0339,1.6596
3,61eab83a50fb09bc0bd86148,Andorra,False,32201,144,76965,42.5063,1.5218
4,61eab83a50fb09bc0bd86149,Angola,False,95220,1881,29784193,-11.2027,17.8739
5,61eab83a50fb09bc0bd8614a,Antigua and Barbuda,False,5741,121,102012,17.0608,-61.7964
6,61eab83a50fb09bc0bd8614b,Argentina,False,7576335,118809,44271041,-38.4161,-63.6167
7,61eab83a50fb09bc0bd8614c,Armenia,False,349329,8026,2930450,40.0691,45.0382
8,61eab83a50fb09bc0bd8614d,Australia,False,2086522,2978,24450561,,
9,61eab83a50fb09bc0bd8614e,Australia_Australian Capital Territory,True,28472,22,0,-35.4735,149.0124
10,61eab83a50fb09bc0bd8614f,Australia_New South Wales,True,919876,1022,0,-33.8688,151.2093
11,61eab83a50fb09bc0bd86150,Australia_Northern Territory,True,8219,2,0,-12.4634,130.8456
12,61eab83a50fb09bc0bd86151,Australia_Queensland,True,298367,85,0,-27.4698,153.0251
13,61eab83a50fb09bc0bd86152,Australia_South Australia,True,89043,58,0,-34.9285,138.6007
14,61eab83a50fb09bc0bd86153,Australia_Tasmania,True,23515,14,0,-42.8821,147.3272
15,61eab83a50fb09bc0bd86154,Australia_Victoria,True,717692,1766,0,-37.8136,144.9631
16,61eab83a50fb09bc0bd86155,Australia_Western Australia,True,1338,9,0,-31.9505,115.8605
17,61eab83a50fb09bc0bd86156,Austria,False,1505501,13956,8735453,47.5162,14.5501
18,61eab83a50fb09bc0bd86157,Azerbaijan,False,629352,8564,9827589,40.1431,47.5769
19,61eab83a50fb09bc0bd86158,Bahamas,False,31693,726,395361,25.025885,-78.035889
20,61eab83a50fb09bc0bd86159,Bahrain,False,320688,1398,1492584,26.0275,50.55
21,61eab83a50fb09bc0bd8615a,Bangladesh,False,1653182,28180,164669751,23.685,90.3563
22,61eab83a50fb09bc0bd8615b,Barbados,False,37622,273,285719,13.1939,-59.5432
23,61eab83a50fb09bc0bd8615c,Belarus,False,721103,5882,9468338,53.7098,27.9534
24,61eab83a50fb09bc0bd8615d,Belgium,False,2642761,28759,11429336,,
25,61eab83a50fb09bc0bd8615e,Belgium_Antwerp,True,383702,0,0,51.2195,4.4024
26,61eab83a50fb09bc0bd8615f,Belgium_Brussels,True,326791,0,0,50.8503,4.3517
27,61eab83a50fb09bc0bd86160,Belgium_East Flanders,True,331311,0,0,51.0362,3.7373
28,61eab83a50fb09bc0bd86161,Belgium_Flemish Brabant,True,241090,0,0,50.9167,4.5833
29,61eab83a50fb09bc0bd86162,Belgium_Hainaut,True,308252,0,0,50.5257,4.0621
30,61eab83a50fb09bc0bd86163,Belgium_Liege,True,270661,0,0,50.4496,5.8492
31,61eab83a50fb09bc0bd86164,Belgium_Limburg,True,176207,0,0,50.9739,5.3420000000000005
32,61eab83a50fb09bc0bd86165,Belgium_Luxembourg,True,66506,0,0,50.0547,5.4677
33,61eab83a50fb09bc0bd86166,Belgium_Namur,True,119548,0,0,50.331,4.8221
34,61eab83a50fb09bc0bd86167,Belgium_Unknown,True,42526,28759,0,,
35,61eab83a50fb09bc0bd86168,Belgium_Walloon Brabant,True,102016,0,0,50.4,4.35
36,61eab83a50fb09bc0bd86169,Belgium_West Flanders,True,274151,0,0,51.0536,3.1458
37,61eab83a50fb09bc0bd8616a,Belize,False,44959,612,374681,17.1899,-88.4976
38,61eab83a50fb09bc0bd8616b,Benin,False,26309,163,11175692,9.3077,2.3158
39,61eab83a50fb09bc0bd8616c,Bhutan,False,3317,3,807610,27.5142,90.4336
40,61eab83a50fb09bc0bd8616d,Bolivia,False,795087,20504,11051600,-16.2902,-63.5887
41,61eab83a50fb09bc0bd8616e,Bosnia and Herzegovina,False,326995,13951,3507017,43.9159,17.6791
42,61eab83a50fb09bc0bd8616f,Botswana,False,243946,2544,2291661,-22.3285,24.6849
43,61eab83a50fb09bc0bd86170,Brazil,False,23595178,622476,209288278,,
44,61eab83a50fb09bc0bd86171,Brazil_Acre,True,91781,1854,0,-9.0238,-70.812
45,61eab83a50fb09bc0bd86172,Brazil_Alagoas,True,247550,6401,0,-9.5713,-36.782
46,61eab83a50fb09bc0bd86173,Brazil_Amapa,True,132389,2033,0,0.902,-52.003
47,61eab83a50fb09bc0bd86174,Brazil_Amazonas,True,473232,13869,0,-3.4168,-65.8561
48,61eab83a50fb09bc0bd86175,Brazil_Bahia,True,1303045,27731,0,-12.5797,-41.7007
49,61eab83a50fb09bc0bd86176,Brazil_Ceara,True,987114,24956,0,-5.4984,-39.3206
50,61eab83a50fb09bc0bd86177,Brazil_Distrito Federal,True,558161,11136,0,-15.7998,-47.8645
51,61eab83a50fb09bc0bd86178,Brazil_Espirito Santo,True,700707,13404,0,-19.1834,-40.3089
52,61eab83a50fb09bc0bd86179,Brazil_Goias,True,988950,24815,0,-15.827,-49.8362
53,61eab83a50fb09bc0bd8617a,Brazil_Maranhao,True,376549,10433,0,-4.9609,-45.2744
54,61eab83a50fb09bc0bd8617b,Brazil_Mato Grosso,True,589544,14163,0,-12.6819,-56.9211
55,61eab83a50fb09bc0bd8617c,Brazil_Mato Grosso do Sul,True,396785,9773,0,-20.7722,-54.7852
56,61eab83a50fb09bc0bd8617d,Brazil_Minas Gerais,True,2436663,56895,0,-18.5122,-44.555
57,61eab83a50fb09bc0bd8617e,Brazil_Para,True,636990,17272,0,-1.9981,-54.9306
58,61eab83a50fb09bc0bd8617f,Brazil_Paraiba,True,472855,9626,0,-7.24,-36.782
59,61eab83a50fb09bc0bd86180,Brazil_Parana,True,1767331,40955,0,-25.2521,-52.0215
60,61eab83a50fb09bc0bd86181,Brazil_Pernambuco,True,661588,20570,0,-8.8137,-36.9541
61,61eab83a50fb09bc0bd86182,Brazil_Piaui,True,337653,7336,0,-7.7183,-42.7289
62,61eab83a50fb09bc0bd86183,Brazil_Rio Grande do Norte,True,399213,7622,0,-5.4026,-36.9541
63,61eab83a50fb09bc0bd86184,Brazil_Rio Grande do Sul,True,1651551,36578,0,-30.0346,-51.2177
64,61eab83a50fb09bc0bd86185,Brazil_Rio de Janeiro,True,1550953,69637,0,-22.9068,-43.1729
65,61eab83a50fb09bc0bd86186,Brazil_Rondonia,True,296395,6800,0,-11.5057,-63.5806
66,61eab83a50fb09bc0bd86187,Brazil_Roraima,True,134997,2084,0,-2.7376,-62.0751
67,61eab83a50fb09bc0bd86188,Brazil_Santa Catarina,True,1337991,20319,0,-27.2423,-50.2189
68,61eab83a50fb09bc0bd86189,Brazil_Sao Paulo,True,4534066,156165,0,-23.5505,-46.6333
69,61eab83a50fb09bc0bd8618a,Brazil_Sergipe,True,281430,6069,0,-10.5741,-37.3857
70,61eab83a50fb09bc0bd8618b,Brazil_Tocantins,True,249695,3980,0,-10.1753,-48.2982
71,61eab83a50fb09bc0bd8618c,Brunei,False,15986,98,428697,4.5353,114.7277
72,61eab83a50fb09bc0bd8618d,Bulgaria,False,860877,32518,7084571,42.7339,25.4858
73,61eab83a50fb09bc0bd8618e,Burkina Faso,False,20435,353,19193382,12.2383,-1.5616
74,61eab83a50fb09bc0bd8618f,Burma,False,533732,19307,0,21.9162,95.956
75,61eab83a50fb09bc0bd86190,Burundi,False,36868,38,10864245,-3.3731,29.9189
76,61eab83a50fb09bc0bd86191,Cabo Verde,False,54891,382,0,16.5388,-23.0418
77,61eab83a50fb09bc0bd86192,Cambodia,False,120914,3015,16005373,11.55,104.9167
78,61eab83a50fb09bc0bd86193,Cameroon,False,109666,1853,24053727,3.8480000000000003,11.5021
79,61eab83a50fb09bc0bd86194,Canada,False,2861768,32118,36624199,,
80,61eab83a50fb09bc0bd86195,Canada_Alberta,True,463024,3421,0,53.9333,-116.5765
81,61eab83a50fb09bc0bd86196,Canada_British Columbia,True,305715,2520,0,53.7267,-127.6476
82,61eab83a50fb09bc0bd86197,Canada_Diamond Princess,True,0,1,0,,
83,61eab83a50fb09bc0bd86198,Canada_Grand Princess,True,13,0,0,,
84,61eab83a50fb09bc0bd86199,Canada_Manitoba,True,113196,1485,0,53.7609,-98.8139
85,61eab83a50fb09bc0bd8619a,Canada_New Brunswick,True,24489,199,0,46.5653,-66.4619
86,61eab83a50fb09bc0bd8619b,Canada_Newfoundland and Labrador,True,14198,30,0,53.1355,-57.6604
87,61eab83a50fb09bc0bd8619c,Canada_Northwest Territories,True,4508,13,0,64.8255,-124.8457
88,61eab83a50fb09bc0bd8619d,Canada_Nova Scotia,True,32387,124,0,44.681999999999995,-63.7443
89,61eab83a50fb09bc0bd8619e,Canada_Nunavut,True,1242,5,0,70.2998,-83.1076
90,61eab83a50fb09bc0bd8619f,Canada_Ontario,True,971033,10702,0,51.2538,-85.3232
91,61eab83a50fb09bc0bd861a0,Canada_Prince Edward Island,True,5112,3,0,46.5107,-63.4168
92,61eab83a50fb09bc0bd861a1,Canada_Quebec,True,818946,12639,0,52.9399,-73.5491
93,61eab83a50fb09bc0bd861a2,Canada_Repatriated Travellers,True,13,0,0,,
94,61eab83a50fb09bc0bd861a3,Canada_Saskatchewan,True,105072,961,0,52.9399,-106.4509
95,61eab83a50fb09bc0bd861a4,Canada_Yukon,True,2820,15,0,64.2823,-135.0
96,61eab83a50fb09bc0bd861a5,Central African Republic,False,13509,109,4659080,6.6111,20.9394
97,61eab83a50fb09bc0bd861a6,Chad,False,6889,185,14899994,15.4542,18.7322
98,61eab83a50fb09bc0bd861a7,Chile,False,1916522,39456,18054726,,
99,61eab83a50fb09bc0bd861a8,Chile_Antofagasta,True,75392,1299,0,-23.6509,-70.3975
100,61eab83a50fb09bc0bd861a9,Chile_Araucania,True,109500,1570,0,-38.9489,-72.3311
101,61eab83a50fb09bc0bd861aa,Chile_Arica y Parinacota,True,34134,550,0,-18.594,-69.4785
102,61eab83a50fb09bc0bd861ab,Chile_Atacama,True,32558,385,0,-27.5661,-70.0503
103,61eab83a50fb09bc0bd861ac,Chile_Aysen,True,10953,100,0,-45.9864,-73.7669
104,61eab83a50fb09bc0bd861ad,Chile_Biobio,True,172775,2897,0,-37.4464,-72.1416
105,61eab83a50fb09bc0bd861ae,Chile_Coquimbo,True,58517,1112,0,-29.959,-71.3389
106,61eab83a50fb09bc0bd861af,Chile_Los Lagos,True,102079,1560,0,-41.9198,-72.1416
107,61eab83a50fb09bc0bd861b0,Chile_Los Rios,True,56032,741,0,-40.231,-72.3311
108,61eab83a50fb09bc0bd861b1,Chile_Magallanes,True,33846,514,0,-52.368,-70.9863
109,61eab83a50fb09bc0bd861b2,Chile_Maule,True,112220,1877,0,-35.5183,-71.6885
110,61eab83a50fb09bc0bd861b3,Chile_Metropolitana,True,796193,20023,0,-33.4376,-70.6505
111,61eab83a50fb09bc0bd861b4,Chile_Nuble,True,41177,681,0,-36.7226,-71.7622
112,61eab83a50fb09bc0bd861b5,Chile_OHiggins,True,75433,1638,0,-34.5755,-71.0022
113,61eab83a50fb09bc0bd861b6,Chile_Tarapaca,True,57440,842,0,-19.9232,-69.5132
114,61eab83a50fb09bc0bd861b7,Chile_Unknown,True,60,0,0,,
115,61eab83a50fb09bc0bd861b8,Chile_Valparaiso,True,148213,3667,0,-33.0472,-71.6127
116,61eab83a50fb09bc0bd861b9,China,False,118470,4849,1409517397,,
117,61eab83a50fb09bc0bd861ba,China_Anhui,True,1009,6,0,31.8257,117.2264
118,61eab83a50fb09bc0bd861bb,China_Beijing,True,1247,9,0,40.1824,116.4142
119,61eab83a50fb09bc0bd861bc,China_Chongqing,True,611,6,0,30.0572,107.874
120,61eab83a50fb09bc0bd861bd,China_Fujian,True,1446,1,0,26.0789,117.9874
121,61eab83a50fb09bc0bd861be,China_Gansu,True,356,2,0,35.7518,104.2861
122,61eab83a50fb09bc0bd861bf,China_Guangdong,True,3703,8,0,23.3417,113.4244
123,61eab83a50fb09bc0bd861c0,China_Guangxi,True,691,2,0,23.8298,108.7881
124,61eab83a50fb09bc0bd861c1,China_Guizhou,True,160,2,0,26.8154,106.8748
125,61eab83a50fb09bc0bd861c2,China_Hainan,True,190,6,0,19.1959,109.7453
126,61eab83a50fb09bc0bd861c3,China_Hebei,True,1458,7,0,37.8957,114.9042
127,61eab83a50fb09bc0bd861c4,China_Heilongjiang,True,2035,13,0,47.861999999999995,127.7615
128,61eab83a50fb09bc0bd861c5,China_Henan,True,2634,22,0,33.882,113.61399999999999
129,61eab83a50fb09bc0bd861c6,China_Hong Kong,True,12907,213,0,22.3,114.2
130,61eab83a50fb09bc0bd861c7,China_Hubei,True,68320,4512,0,30.9756,112.2707
131,61eab83a50fb09bc0bd861c8,China_Hunan,True,1230,4,0,27.6104,111.7088
132,61eab83a50fb09bc0bd861c9,China_Inner Mongolia,True,1191,1,0,44.0935,113.9448
133,61eab83a50fb09bc0bd861ca,China_Jiangsu,True,1629,0,0,32.9711,119.455
134,61eab83a50fb09bc0bd861cb,China_Jiangxi,True,959,1,0,27.614,115.7221
135,61eab83a50fb09bc0bd861cc,China_Jilin,True,590,3,0,43.6661,126.1923
136,61eab83a50fb09bc0bd861cd,China_Liaoning,True,810,2,0,41.2956,122.6085
137,61eab83a50fb09bc0bd861ce,China_Macau,True,79,0,0,22.1667,113.55
138,61eab83a50fb09bc0bd861cf,China_Ningxia,True,122,0,0,37.2692,106.1655
139,61eab83a50fb09bc0bd861d0,China_Qinghai,True,30,0,0,35.7452,95.9956
140,61eab83a50fb09bc0bd861d1,China_Shaanxi,True,2826,3,0,35.1917,108.8701
141,61eab83a50fb09bc0bd861d2,China_Shandong,True,1064,7,0,36.3427,118.1498
142,61eab83a50fb09bc0bd861d3,China_Shanghai,True,3611,7,0,31.201999999999998,121.4491
143,61eab83a50fb09bc0bd861d4,China_Shanxi,True,266,0,0,37.5777,112.2922
144,61eab83a50fb09bc0bd861d5,China_Sichuan,True,1363,3,0,30.6171,102.7103
145,61eab83a50fb09bc0bd861d6,China_Tianjin,True,998,3,0,39.3054,117.323
146,61eab83a50fb09bc0bd861d7,China_Tibet,True,1,0,0,31.6927,88.0924
147,61eab83a50fb09bc0bd861d8,China_Unknown,True,0,0,0,,
148,61eab83a50fb09bc0bd861d9,China_Xinjiang,True,981,3,0,41.1129,85.2401
149,61eab83a50fb09bc0bd861da,China_Yunnan,True,1852,2,0,24.974,101.48700000000001
150,61eab83a50fb09bc0bd861db,China_Zhejiang,True,2101,1,0,29.1832,120.0934
151,61eab83a50fb09bc0bd861dc,Colombia,False,5655026,131627,49065615,,
152,61eab83a50fb09bc0bd861dd,Colombia_Amazonas,True,7232,260,0,-1.4429,-71.5724
153,61eab83a50fb09bc0bd861de,Colombia_Antioquia,True,880272,17216,0,7.1986,-75.3412
154,61eab83a50fb09bc0bd861df,Colombia_Arauca,True,14902,492,0,7.0762,-70.7105
155,61eab83a50fb09bc0bd861e0,Colombia_Atlantico,True,373728,9785,0,10.6966,-74.8741
156,61eab83a50fb09bc0bd861e1,Colombia_Bolivar,True,188657,3111,0,8.6704,-74.03
157,61eab83a50fb09bc0bd861e2,Colombia_Boyaca,True,116648,2611,0,5.4545,-73.362
158,61eab83a50fb09bc0bd861e3,Colombia_Caldas,True,112752,2316,0,5.2983,-75.2479
159,61eab83a50fb09bc0bd861e4,Colombia_Capital District,True,1601667,27885,0,4.711,-74.0721
160,61eab83a50fb09bc0bd861e5,Colombia_Caqueta,True,23826,954,0,0.8699,-73.8419
161,61eab83a50fb09bc0bd861e6,Colombia_Casanare,True,37841,944,0,5.7589,-71.5724
162,61eab83a50fb09bc0bd861e7,Colombia_Cauca,True,67116,1626,0,2.705,-76.82600000000002
163,61eab83a50fb09bc0bd861e8,Colombia_Cesar,True,98818,2581,0,9.3373,-73.6536
164,61eab83a50fb09bc0bd861e9,Colombia_Choco,True,17964,409,0,5.2528,-76.82600000000002
165,61eab83a50fb09bc0bd861ea,Colombia_Cordoba,True,112019,3764,0,8.0493,-75.574
166,61eab83a50fb09bc0bd861eb,Colombia_Cundinamarca,True,289907,6897,0,5.026,-74.03
167,61eab83a50fb09bc0bd861ec,Colombia_Guainia,True,2650,35,0,2.5854,-68.5247
168,61eab83a50fb09bc0bd861ed,Colombia_Guaviare,True,5335,97,0,1.0654,-73.2603
169,61eab83a50fb09bc0bd861ee,Colombia_Huila,True,94653,3253,0,2.5359,-75.5277
170,61eab83a50fb09bc0bd861ef,Colombia_La Guajira,True,50241,1460,0,11.3548,-72.5205
171,61eab83a50fb09bc0bd861f0,Colombia_Magdalena,True,107880,3508,0,10.4113,-74.4057
172,61eab83a50fb09bc0bd861f1,Colombia_Meta,True,96570,2331,0,3.272,-73.0877
173,61eab83a50fb09bc0bd861f2,Colombia_Narino,True,100112,3076,0,1.2892,-77.3579
174,61eab83a50fb09bc0bd861f3,Colombia_Norte de Santander,True,107268,4768,0,7.9463,-72.8988
175,61eab83a50fb09bc0bd861f4,Colombia_Putumayo,True,19038,729,0,0.436,-75.5277
176,61eab83a50fb09bc0bd861f5,Colombia_Quindio,True,66586,1901,0,4.461,-75.6674
177,61eab83a50fb09bc0bd861f6,Colombia_Risaralda,True,100139,2318,0,5.3158,-75.9928
178,61eab83a50fb09bc0bd861f7,Colombia_San Andres y Providencia,True,9402,152,0,12.5567,-81.7185
179,61eab83a50fb09bc0bd861f8,Colombia_Santander,True,253203,7617,0,6.6437,-73.6536
180,61eab83a50fb09bc0bd861f9,Colombia_Sucre,True,62291,1634,0,8.814,-74.7233
181,61eab83a50fb09bc0bd861fa,Colombia_Tolima,True,117842,3727,0,4.0925,-75.1545
182,61eab83a50fb09bc0bd861fb,Colombia_Unknown,True,0,296,0,,
183,61eab83a50fb09bc0bd861fc,Colombia_Valle del Cauca,True,513522,13799,0,3.8009,-76.6413
184,61eab83a50fb09bc0bd861fd,Colombia_Vaupes,True,1819,17,0,0.8554,-70.812
185,61eab83a50fb09bc0bd861fe,Colombia_Vichada,True,3126,58,0,4.4234,-69.2878
186,61eab83a50fb09bc0bd861ff,Comoros,False,7784,159,813912,-11.6455,43.3333
187,61eab83a50fb09bc0bd86200,Congo (Brazzaville),False,23244,371,0,-0.228,15.8277
188,61eab83a50fb09bc0bd86201,Congo (Kinshasa),False,84198,1278,0,-4.0383,21.7587
189,61eab83a50fb09bc0bd86202,Costa Rica,False,637327,7441,4905769,9.7489,-83.7534
190,61eab83a50fb09bc0bd86203,Cote d'Ivoire,False,79558,764,24294750,7.54,-5.5471
191,61eab83a50fb09bc0bd86204,Croatia,False,848150,13300,4189353,45.1,15.2
192,61eab83a50fb09bc0bd86205,Cuba,False,1011811,8352,11484636,21.521757,-77.78116700000002
193,61eab83a50fb09bc0bd86206,Cyprus,False,235364,700,1179551,35.1264,33.4299
194,61eab83a50fb09bc0bd86207,Czechia,False,2678767,36972,10618303,49.8175,15.472999999999999
195,61eab83a50fb09bc0bd86208,Denmark,False,1272864,3550,5733551,56.2639,9.5018
196,61eab83a50fb09bc0bd86209,Denmark_Faroe Islands,True,11948,15,0,61.8926,-6.9118
197,61eab83a50fb09bc0bd8620a,Denmark_Greenland,True,9256,4,0,71.7069,-42.6043
198,61eab83a50fb09bc0bd8620b,Diamond Princess,False,712,13,0,,
199,61eab83a50fb09bc0bd8620c,Djibouti,False,15200,189,956985,11.8251,42.5903
200,61eab83a50fb09bc0bd8620d,Dominica,False,8349,48,73925,15.415,-61.371
201,61eab83a50fb09bc0bd8620e,Dominican Republic,False,524635,4274,10766998,18.7357,-70.1627
202,61eab83a50fb09bc0bd8620f,Ecuador,False,629507,34232,16624858,-1.8312,-78.1834
203,61eab83a50fb09bc0bd86210,Egypt,False,405393,22260,97553151,26.820553000000004,30.802497999999996
204,61eab83a50fb09bc0bd86211,El Salvador,False,123577,3843,6377853,13.7942,-88.8965
205,61eab83a50fb09bc0bd86212,Equatorial Guinea,False,15558,179,1267689,1.6508,10.2679
206,61eab83a50fb09bc0bd86213,Eritrea,False,9160,89,5068831,15.1794,39.7823
207,61eab83a50fb09bc0bd86214,Estonia,False,278498,1994,1309632,58.5953,25.0136
208,61eab83a50fb09bc0bd86215,Eswatini,False,68003,1366,0,-26.5225,31.4659
209,61eab83a50fb09bc0bd86216,Ethiopia,False,460602,7212,104957438,9.145,40.4897
210,61eab83a50fb09bc0bd86217,Fiji,False,60509,752,905502,-17.7134,178.065
211,61eab83a50fb09bc0bd86218,Finland,False,371135,1724,5523231,61.92411,25.748151
212,61eab83a50fb09bc0bd86219,France,False,15254588,125462,64979548,46.2276,2.2137
213,61eab83a50fb09bc0bd8621a,France_French Guiana,True,71476,356,0,4.0,-53.0
214,61eab83a50fb09bc0bd8621b,France_French Polynesia,True,47275,636,0,-17.6797,-149.4068
215,61eab83a50fb09bc0bd8621c,France_Guadeloupe,True,73660,835,0,16.265,-61.551
216,61eab83a50fb09bc0bd8621d,France_Martinique,True,71193,813,0,14.6415,-61.0242
217,61eab83a50fb09bc0bd8621e,France_Mayotte,True,35189,186,0,-12.8275,45.166244
218,61eab83a50fb09bc0bd8621f,France_New Caledonia,True,14854,282,0,-20.904304999999997,165.618042
219,61eab83a50fb09bc0bd86220,France_Reunion,True,133617,462,0,-21.1151,55.5364
220,61eab83a50fb09bc0bd86221,France_Saint Barthelemy,True,3282,6,0,17.9,-62.8333
221,61eab83a50fb09bc0bd86222,France_Saint Pierre and Miquelon,True,598,0,0,46.8852,-56.3159
222,61eab83a50fb09bc0bd86223,France_St Martin,True,9143,60,0,18.0708,-63.0501
223,61eab83a50fb09bc0bd86224,France_Wallis and Futuna,True,454,7,0,-14.2938,-178.1165
224,61eab83a50fb09bc0bd86225,Gabon,False,45663,299,2025137,-0.8037,11.6094
225,61eab83a50fb09bc0bd86226,Gambia,False,11572,347,2100568,13.4432,-15.3101
226,61eab83a50fb09bc0bd86227,Georgia,False,1021943,14582,3912061,42.3154,43.3569
227,61eab83a50fb09bc0bd86228,Germany,False,8502132,116490,82114224,,
228,61eab83a50fb09bc0bd86229,Germany_Baden-Wurttemberg,True,1181019,13498,0,48.6616,9.3501
229,61eab83a50fb09bc0bd8622a,Germany_Bayern,True,1530077,20267,0,48.7904,11.4979
230,61eab83a50fb09bc0bd8622b,Germany_Berlin,True,437562,4077,0,52.52,13.405
231,61eab83a50fb09bc0bd8622c,Germany_Brandenburg,True,292191,4957,0,52.4125,12.5316
232,61eab83a50fb09bc0bd8622d,Germany_Bremen,True,72063,629,0,53.0793,8.8017
233,61eab83a50fb09bc0bd8622e,Germany_Hamburg,True,193423,2059,0,53.5511,9.9937
234,61eab83a50fb09bc0bd8622f,Germany_Hessen,True,588664,8716,0,50.6521,9.1624
235,61eab83a50fb09bc0bd86230,Germany_Mecklenburg-Vorpommern,True,124210,1603,0,53.6127,12.4296
236,61eab83a50fb09bc0bd86231,Germany_Niedersachsen,True,543564,7039,0,52.6367,9.8451
237,61eab83a50fb09bc0bd86232,Germany_Nordrhein-Westfalen,True,1655625,20866,0,51.4332,7.6616
238,61eab83a50fb09bc0bd86233,Germany_Rheinland-Pfalz,True,328841,4760,0,50.1183,7.309
239,61eab83a50fb09bc0bd86234,Germany_Saarland,True,88103,1313,0,49.3964,7.023
240,61eab83a50fb09bc0bd86235,Germany_Sachsen,True,690905,13912,0,51.1045,13.2017
241,61eab83a50fb09bc0bd86236,Germany_Sachsen-Anhalt,True,245363,4528,0,51.9503,11.6923
242,61eab83a50fb09bc0bd86237,Germany_Schleswig-Holstein,True,180934,1932,0,54.2194,9.6961
243,61eab83a50fb09bc0bd86238,Germany_Thuringen,True,308067,6334,0,51.011,10.8453
244,61eab83a50fb09bc0bd86239,Germany_Unknown,True,41521,0,0,,
245,61eab83a50fb09bc0bd8623a,Ghana,False,154891,1357,28833629,7.9465,-1.0232
246,61eab83a50fb09bc0bd8623b,Greece,False,1742363,22366,11159773,39.0742,21.8243
247,61eab83a50fb09bc0bd8623c,Grenada,False,10960,205,107825,12.1165,-61.678999999999995
248,61eab83a50fb09bc0bd8623d,Guatemala,False,662828,16223,16913503,15.7835,-90.2308
249,61eab83a50fb09bc0bd8623e,Guinea,False,35719,410,12717176,9.9456,-9.6966
250,61eab83a50fb09bc0bd8623f,Guinea-Bissau,False,7222,153,1861283,11.8037,-15.1804
251,61eab83a50fb09bc0bd86240,Guyana,False,54736,1111,777859,4.860416000000002,-58.93018000000001
252,61eab83a50fb09bc0bd86241,Haiti,False,28117,780,10981229,18.9712,-72.2852
253,61eab83a50fb09bc0bd86242,Holy See,False,29,0,1000,41.9029,12.4534
254,61eab83a50fb09bc0bd86243,Honduras,False,387515,10468,9265067,15.2,-86.2419
255,61eab83a50fb09bc0bd86244,Hungary,False,1385500,40757,9721559,47.1625,19.5033
256,61eab83a50fb09bc0bd86245,Iceland,False,53121,44,335025,64.9631,-19.0208
257,61eab83a50fb09bc0bd86246,India,False,38566027,488396,1339180127,,
258,61eab83a50fb09bc0bd86247,India_Andaman and Nicobar Islands,True,9033,129,0,11.225999,92.96817800000001
259,61eab83a50fb09bc0bd86248,India_Andhra Pradesh,True,2140056,14527,0,15.9129,79.74
260,61eab83a50fb09bc0bd86249,India_Arunachal Pradesh,True,58271,282,0,27.768456,96.384277
261,61eab83a50fb09bc0bd8624a,India_Assam,True,678057,6260,0,26.357149,92.83044100000001
262,61eab83a50fb09bc0bd8624b,India_Bihar,True,802742,12162,0,25.679658,85.60484
263,61eab83a50fb09bc0bd8624c,India_Chandigarh,True,82563,1095,0,30.733839,76.76827800000002
264,61eab83a50fb09bc0bd8624d,India_Chhattisgarh,True,1081178,13697,0,21.264705,82.035366
265,61eab83a50fb09bc0bd8624e,India_Dadra and Nagar Haveli and Daman and Diu,True,11110,4,0,20.194742,73.080901
266,61eab83a50fb09bc0bd8624f,India_Delhi,True,1760272,25503,0,28.646519,77.10898
267,61eab83a50fb09bc0bd86250,India_Goa,True,222497,3585,0,15.359682000000001,74.057396
268,61eab83a50fb09bc0bd86251,India_Gujarat,True,1001563,10199,0,22.694884,71.590923
269,61eab83a50fb09bc0bd86252,India_Haryana,True,882895,10142,0,29.20004,76.332824
270,61eab83a50fb09bc0bd86253,India_Himachal Pradesh,True,254410,3916,0,31.927213000000002,77.233081
271,61eab83a50fb09bc0bd86254,India_Jammu and Kashmir,True,378661,4586,0,33.75943,76.612638
272,61eab83a50fb09bc0bd86255,India_Jharkhand,True,415388,5235,0,23.654536,85.557631
273,61eab83a50fb09bc0bd86256,India_Karnataka,True,3376953,38515,0,14.705179999999999,76.166436
274,61eab83a50fb09bc0bd86257,India_Kerala,True,5510844,51501,0,10.450898,76.405749
275,61eab83a50fb09bc0bd86258,India_Ladakh,True,24034,222,0,34.1526,77.5771
276,61eab83a50fb09bc0bd86259,India_Lakshadweep,True,10659,51,0,13.699997199999999,72.18333259999999
277,61eab83a50fb09bc0bd8625a,India_Madhya Pradesh,True,862029,10553,0,23.541513000000002,78.289633
278,61eab83a50fb09bc0bd8625b,India_Maharashtra,True,7371757,141971,0,19.449759,76.108221
279,61eab83a50fb09bc0bd8625c,India_Manipur,True,128679,2017,0,24.738975,93.882541
280,61eab83a50fb09bc0bd8625d,India_Meghalaya,True,87404,1494,0,25.536934,91.278882
281,61eab83a50fb09bc0bd8625e,India_Mizoram,True,157253,576,0,23.309381,92.83821999999999
282,61eab83a50fb09bc0bd8625f,India_Nagaland,True,33259,704,0,26.06702,94.470302
283,61eab83a50fb09bc0bd86260,India_Odisha,True,1177462,8501,0,20.505428,84.418059
284,61eab83a50fb09bc0bd86261,India_Puducherry,True,145342,1897,0,11.882658000000001,78.86498
285,61eab83a50fb09bc0bd86262,India_Punjab,True,692526,16882,0,30.841465000000003,75.40879
286,61eab83a50fb09bc0bd86263,India_Rajasthan,True,1084083,9044,0,26.583423,73.847973
287,61eab83a50fb09bc0bd86264,India_Sikkim,True,36098,417,0,27.571671000000002,88.472712
288,61eab83a50fb09bc0bd86265,India_Tamil Nadu,True,3042796,37112,0,11.006091,78.400624
289,61eab83a50fb09bc0bd86266,India_Telangana,True,722403,4067,0,18.1124,79.0193
290,61eab83a50fb09bc0bd86267,India_Tripura,True,96422,860,0,23.746782999999997,91.743565
291,61eab83a50fb09bc0bd86268,India_Unknown,True,0,0,0,,
292,61eab83a50fb09bc0bd86269,India_Uttar Pradesh,True,1900457,23000,0,26.925425,80.560982
293,61eab83a50fb09bc0bd8626a,India_Uttarakhand,True,386951,7460,0,30.156446999999996,79.197608
294,61eab83a50fb09bc0bd8626b,India_West Bengal,True,1939920,20230,0,23.814082,87.979803
295,61eab83a50fb09bc0bd8626c,Indonesia,False,4277644,144199,263991379,-0.7893,113.9213
296,61eab83a50fb09bc0bd8626d,Iran,False,6236567,132152,81162788,32.427908,53.68804599999999
297,61eab83a50fb09bc0bd8626e,Iraq,False,2137267,24272,38274618,33.223191,43.679291
298,61eab83a50fb09bc0bd8626f,Ireland,False,1127951,6087,4761657,53.1424,-7.6921
299,61eab83a50fb09bc0bd86270,Israel,False,2103938,8370,8321570,31.046051000000002,34.851612
300,61eab83a50fb09bc0bd86271,Italy,False,9418256,142590,59359900,,
301,61eab83a50fb09bc0bd86272,Italy_Abruzzo,True,180855,2726,0,42.35122196,13.39843823
302,61eab83a50fb09bc0bd86273,Italy_Basilicata,True,52812,664,0,40.63947052,15.80514834
303,61eab83a50fb09bc0bd86274,Italy_Calabria,True,154418,1766,0,38.90597598,16.59440194
304,61eab83a50fb09bc0bd86275,Italy_Campania,True,906823,8835,0,40.83956555,14.25084984
305,61eab83a50fb09bc0bd86276,Italy_Emilia-Romagna,True,875323,14690,0,44.49436681,11.341720800000001
306,61eab83a50fb09bc0bd86277,Italy_Friuli Venezia Giulia,True,225377,4382,0,45.6494354,13.76813649
307,61eab83a50fb09bc0bd86278,Italy_Lazio,True,743319,9594,0,41.89277044,12.48366722
308,61eab83a50fb09bc0bd86279,Italy_Liguria,True,245343,4769,0,44.41149315,8.9326992
309,61eab83a50fb09bc0bd8627a,Italy_Lombardia,True,1893559,36257,0,45.46679409,9.190347404
310,61eab83a50fb09bc0bd8627b,Italy_Marche,True,204837,3333,0,43.61675973,13.5188753
311,61eab83a50fb09bc0bd8627c,Italy_Molise,True,25732,518,0,41.55774754,14.65916051
312,61eab83a50fb09bc0bd8627d,Italy_P.A. Bolzano,True,138744,1336,0,46.49933453,11.35662422
313,61eab83a50fb09bc0bd8627e,Italy_P.A. Trento,True,103618,1460,0,46.06893511,11.12123097
314,61eab83a50fb09bc0bd8627f,Italy_Piemonte,True,752628,12415,0,45.0732745,7.680687483
315,61eab83a50fb09bc0bd86280,Italy_Puglia,True,505565,7091,0,41.12559576,16.86736689
316,61eab83a50fb09bc0bd86281,Italy_Sardegna,True,112353,1780,0,39.21531192,9.110616306
317,61eab83a50fb09bc0bd86282,Italy_Sicilia,True,551395,8087,0,38.11569725,13.362356699999998
318,61eab83a50fb09bc0bd86283,Italy_Toscana,True,628124,7949,0,43.76923077,11.25588885
319,61eab83a50fb09bc0bd86284,Italy_Umbria,True,135626,1577,0,43.10675841,12.38824698
320,61eab83a50fb09bc0bd86285,Italy_Valle d'Aosta,True,25709,499,0,45.73750286,7.320149366
321,61eab83a50fb09bc0bd86286,Italy_Veneto,True,956096,12862,0,45.43490485,12.33845213
322,61eab83a50fb09bc0bd86287,Jamaica,False,116944,2561,2890299,18.1096,-77.2975
323,61eab83a50fb09bc0bd86288,Japan,False,2021758,18467,127484450,,
324,61eab83a50fb09bc0bd86289,Japan_Aichi,True,123796,1166,0,35.035551,137.211621
325,61eab83a50fb09bc0bd8628a,Japan_Akita,True,2256,27,0,39.748678999999996,140.408228
326,61eab83a50fb09bc0bd8628b,Japan_Aomori,True,7229,39,0,40.781541,140.828896
327,61eab83a50fb09bc0bd8628c,Japan_Chiba,True,111896,1029,0,35.510141,140.198917
328,61eab83a50fb09bc0bd8628d,Japan_Ehime,True,7336,82,0,33.624835,132.856842
329,61eab83a50fb09bc0bd8628e,Japan_Fukui,True,3905,38,0,35.846614,136.22465400000002
330,61eab83a50fb09bc0bd8628f,Japan_Fukuoka,True,86914,629,0,33.526032,130.666949
331,61eab83a50fb09bc0bd86290,Japan_Fukushima,True,10251,176,0,37.378867,140.223295
332,61eab83a50fb09bc0bd86291,Japan_Gifu,True,21789,220,0,35.778671,137.055925
333,61eab83a50fb09bc0bd86292,Japan_Gunma,True,20887,182,0,36.504478999999996,138.985605
334,61eab83a50fb09bc0bd86293,Japan_Hiroshima,True,35139,212,0,34.605309000000005,132.788719
335,61eab83a50fb09bc0bd86294,Japan_Hokkaido,True,68577,1479,0,43.385711,142.55231799999999
336,61eab83a50fb09bc0bd86295,Japan_Hyogo,True,92173,1402,0,35.039913,134.828057
337,61eab83a50fb09bc0bd86296,Japan_Ibaraki,True,27385,220,0,36.303588,140.319591
338,61eab83a50fb09bc0bd86297,Japan_Ishikawa,True,9002,140,0,36.769464,136.771027
339,61eab83a50fb09bc0bd86298,Japan_Iwate,True,3684,53,0,39.593287,141.361777
340,61eab83a50fb09bc0bd86299,Japan_Kagawa,True,5617,38,0,34.217292,133.969047
341,61eab83a50fb09bc0bd8629a,Japan_Kagoshima,True,11399,66,0,31.009484000000004,130.430665
342,61eab83a50fb09bc0bd8629b,Japan_Kanagawa,True,187467,1324,0,35.415312,139.338983
343,61eab83a50fb09bc0bd8629c,Japan_Kochi,True,4553,33,0,33.422519,133.367307
344,61eab83a50fb09bc0bd8629d,Japan_Kumamoto,True,18852,139,0,32.608154,130.74523100000002
345,61eab83a50fb09bc0bd8629e,Japan_Kyoto,True,44607,292,0,35.253815,135.443341
346,61eab83a50fb09bc0bd8629f,Japan_Mie,True,16951,166,0,34.508018,136.376013
347,61eab83a50fb09bc0bd862a0,Japan_Miyagi,True,17335,118,0,38.446859,140.927086
348,61eab83a50fb09bc0bd862a1,Japan_Miyazaki,True,7548,41,0,32.193203999999994,131.299374
349,61eab83a50fb09bc0bd862a2,Japan_Nagano,True,11987,97,0,36.132134,138.045528
350,61eab83a50fb09bc0bd862a3,Japan_Nagasaki,True,8501,73,0,33.235712,129.608033
351,61eab83a50fb09bc0bd862a4,Japan_Nara,True,18501,152,0,34.317451,135.871644
352,61eab83a50fb09bc0bd862a5,Japan_Niigata,True,11205,63,0,37.521819,138.918647
353,61eab83a50fb09bc0bd862a6,Japan_Oita,True,9664,84,0,33.200697,131.43323999999998
354,61eab83a50fb09bc0bd862a7,Japan_Okayama,True,18312,136,0,34.89246,133.826252
355,61eab83a50fb09bc0bd862a8,Japan_Okinawa,True,71811,398,0,25.768923,126.668016
356,61eab83a50fb09bc0bd862a9,Japan_Osaka,True,242837,3073,0,34.620965000000005,135.507481
357,61eab83a50fb09bc0bd862aa,Japan_Port Quarantine,True,4463,4,0,,
358,61eab83a50fb09bc0bd862ab,Japan_Saga,True,7669,32,0,33.286977,130.115738
359,61eab83a50fb09bc0bd862ac,Japan_Saitama,True,130308,1060,0,35.997101,139.347635
360,61eab83a50fb09bc0bd862ad,Japan_Shiga,True,15850,105,0,35.21582700000001,136.13806399999999
361,61eab83a50fb09bc0bd862ae,Japan_Shimane,True,2950,5,0,35.07076,132.55406399999998
362,61eab83a50fb09bc0bd862af,Japan_Shizuoka,True,32479,210,0,34.916975,138.40778400000002
363,61eab83a50fb09bc0bd862b0,Japan_Tochigi,True,18249,119,0,36.689912,139.819213
364,61eab83a50fb09bc0bd862b1,Japan_Tokushima,True,3645,66,0,33.919178,134.242091
365,61eab83a50fb09bc0bd862b2,Japan_Tokyo,True,432753,3181,0,35.711343,139.446921
366,61eab83a50fb09bc0bd862b3,Japan_Tottori,True,2233,5,0,35.359069,133.863619
367,61eab83a50fb09bc0bd862b4,Japan_Toyama,True,5260,52,0,36.637464,137.26934599999998
368,61eab83a50fb09bc0bd862b5,Japan_Unknown,True,8,0,0,,
369,61eab83a50fb09bc0bd862b6,Japan_Wakayama,True,6927,62,0,33.911879,135.505446
370,61eab83a50fb09bc0bd862b7,Japan_Yamagata,True,4036,56,0,38.448396,140.102154
371,61eab83a50fb09bc0bd862b8,Japan_Yamaguchi,True,9248,94,0,34.201190000000004,131.573293
372,61eab83a50fb09bc0bd862b9,Japan_Yamanashi,True,6314,29,0,35.612364,138.61148899999998
373,61eab83a50fb09bc0bd862ba,Jordan,False,1123686,13043,9702353,31.24,36.51
374,61eab83a50fb09bc0bd862bb,Kazakhstan,False,1202369,18350,18204499,48.0196,66.9237
375,61eab83a50fb09bc0bd862bc,Kenya,False,319379,5520,49699862,-0.0236,37.9062
376,61eab83a50fb09bc0bd862bd,Kiribati,False,2,0,116398,-3.3704,-168.734
377,61eab83a50fb09bc0bd862be,"Korea, South",False,719269,6501,50982212,35.90775700000001,127.766922
378,61eab83a50fb09bc0bd862bf,Kosovo,False,172340,2996,0,42.602636,20.902977
379,61eab83a50fb09bc0bd862c0,Kuwait,False,484150,2482,4136528,29.311659999999996,47.481766
380,61eab83a50fb09bc0bd862c1,Kyrgyzstan,False,193028,2842,6045117,41.20438,74.766098
381,61eab83a50fb09bc0bd862c2,Laos,False,128248,508,6858160,19.856270000000002,102.495496
382,61eab83a50fb09bc0bd862c3,Latvia,False,319027,4773,1949670,56.8796,24.6032
383,61eab83a50fb09bc0bd862c4,Lebanon,False,847624,9445,6082357,33.8547,35.8623
384,61eab83a50fb09bc0bd862c5,Lesotho,False,31899,690,2233339,-29.61,28.2336
385,61eab83a50fb09bc0bd862c6,Liberia,False,7208,288,4731906,6.4280550000000005,-9.429499
386,61eab83a50fb09bc0bd862c7,Libya,False,401444,5889,5605000,26.3351,17.228331
387,61eab83a50fb09bc0bd862c8,Liechtenstein,False,7671,73,37922,47.14,9.55
388,61eab83a50fb09bc0bd862c9,Lithuania,False,589074,7708,2890297,55.1694,23.8813
389,61eab83a50fb09bc0bd862ca,Luxembourg,False,134714,941,583455,49.8153,6.1296
390,61eab83a50fb09bc0bd862cb,MS Zaandam,False,9,2,0,,
391,61eab83a50fb09bc0bd862cc,Madagascar,False,55827,1169,25570895,-18.766947000000002,46.869107
392,61eab83a50fb09bc0bd862cd,Malawi,False,83403,2502,18622104,-13.2543,34.3015
393,61eab83a50fb09bc0bd862ce,Malaysia,False,2820927,31853,31624264,,
394,61eab83a50fb09bc0bd862cf,Malaysia_Johor,True,252475,3897,0,1.4854,103.7618
395,61eab83a50fb09bc0bd862d0,Malaysia_Kedah,True,173033,2182,0,6.1184,100.3685
396,61eab83a50fb09bc0bd862d1,Malaysia_Kelantan,True,174679,1270,0,6.1254,102.2381
397,61eab83a50fb09bc0bd862d2,Malaysia_Melaka,True,79239,967,0,2.1896,102.2501
398,61eab83a50fb09bc0bd862d3,Malaysia_Negeri Sembilan,True,116370,1332,0,2.7258,101.9424
399,61eab83a50fb09bc0bd862d4,Malaysia_Pahang,True,99275,797,0,3.8126,103.3256
400,61eab83a50fb09bc0bd862d5,Malaysia_Perak,True,131618,1423,0,4.5921,101.0901
401,61eab83a50fb09bc0bd862d6,Malaysia_Perlis,True,7444,138,0,6.4449,100.2048
402,61eab83a50fb09bc0bd862d7,Malaysia_Pulau Pinang,True,164822,1765,0,5.4141,100.3288
403,61eab83a50fb09bc0bd862d8,Malaysia_Sabah,True,245079,2814,0,5.9788,116.0753
404,61eab83a50fb09bc0bd862d9,Malaysia_Sarawak,True,252660,1621,0,1.5533,110.3592
405,61eab83a50fb09bc0bd862da,Malaysia_Selangor,True,802660,10031,0,3.0738,101.5183
406,61eab83a50fb09bc0bd862db,Malaysia_Terengganu,True,84555,749,0,5.3117,103.1324
407,61eab83a50fb09bc0bd862dc,Malaysia_Unknown,True,0,0,0,,
408,61eab83a50fb09bc0bd862dd,Malaysia_W.P. Kuala Lumpur,True,216147,2694,0,3.139,101.6869
409,61eab83a50fb09bc0bd862de,Malaysia_W.P. Labuan,True,11015,151,0,5.2831,115.2308
410,61eab83a50fb09bc0bd862df,Malaysia_W.P. Putrajaya,True,9856,22,0,2.9264,101.6964
411,61eab83a50fb09bc0bd862e0,Maldives,False,110931,269,436330,3.2028,73.2207
412,61eab83a50fb09bc0bd862e1,Mali,False,29359,704,18541980,17.570692,-3.996166000000001
413,61eab83a50fb09bc0bd862e2,Malta,False,65005,520,430835,35.9375,14.3754
414,61eab83a50fb09bc0bd862e3,Marshall Islands,False,7,0,53127,7.1315,171.1845
415,61eab83a50fb09bc0bd862e4,Mauritania,False,56666,916,4420184,21.0079,-10.9408
416,61eab83a50fb09bc0bd862e5,Mauritius,False,24903,240,1265138,-20.348404000000002,57.552152
417,61eab83a50fb09bc0bd862e6,Mexico,False,4495310,302112,129163276,19.4969,-99.7233
418,61eab83a50fb09bc0bd862e7,Mexico_Aguascalientes,True,44528,3112,0,21.8853,-102.2916
419,61eab83a50fb09bc0bd862e8,Mexico_Baja California,True,108946,11349,0,30.8406,-115.2838
420,61eab83a50fb09bc0bd862e9,Mexico_Baja California Sur,True,77834,2462,0,26.0444,-111.6661
421,61eab83a50fb09bc0bd862ea,Mexico_Campeche,True,26657,2108,0,19.8301,-90.5349
422,61eab83a50fb09bc0bd862eb,Mexico_Chiapas,True,24990,2302,0,16.7569,-93.1292
423,61eab83a50fb09bc0bd862ec,Mexico_Chihuahua,True,95840,8992,0,28.63300000000001,-106.0691
424,61eab83a50fb09bc0bd862ed,Mexico_Ciudad de Mexico,True,1121301,40532,0,19.4326,-99.1332
425,61eab83a50fb09bc0bd862ee,Mexico_Coahuila,True,121092,7975,0,27.0587,-101.7068
426,61eab83a50fb09bc0bd862ef,Mexico_Colima,True,38893,2046,0,19.1223,-104.0072
427,61eab83a50fb09bc0bd862f0,Mexico_Durango,True,59286,3204,0,24.5593,-104.6588
428,61eab83a50fb09bc0bd862f1,Mexico_Guanajuato,True,227976,13660,0,21.019000000000002,-101.2574
429,61eab83a50fb09bc0bd862f2,Mexico_Guerrero,True,83425,6347,0,17.4392,-99.5451
430,61eab83a50fb09bc0bd862f3,Mexico_Hidalgo,True,70207,7939,0,20.0911,-98.7624
431,61eab83a50fb09bc0bd862f4,Mexico_Jalisco,True,186068,17926,0,20.6595,-103.3494
432,61eab83a50fb09bc0bd862f5,Mexico_Mexico,True,431285,45019,0,19.4969,-99.7233
433,61eab83a50fb09bc0bd862f6,Mexico_Michoacan,True,79046,8301,0,19.5665,-101.7068
434,61eab83a50fb09bc0bd862f7,Mexico_Morelos,True,54920,4965,0,18.6813,-99.1013
435,61eab83a50fb09bc0bd862f8,Mexico_Nayarit,True,42795,2931,0,21.7514,-104.8455
436,61eab83a50fb09bc0bd862f9,Mexico_Nuevo Leon,True,238258,13856,0,25.5922,-99.9962
437,61eab83a50fb09bc0bd862fa,Mexico_Oaxaca,True,91040,5690,0,17.0732,-96.7266
438,61eab83a50fb09bc0bd862fb,Mexico_Puebla,True,135487,15790,0,19.0414,-98.2063
439,61eab83a50fb09bc0bd862fc,Mexico_Queretaro,True,111721,5700,0,20.5888,-100.3899
440,61eab83a50fb09bc0bd862fd,Mexico_Quintana Roo,True,74998,4142,0,19.1817,-88.4791
441,61eab83a50fb09bc0bd862fe,Mexico_San Luis Potosi,True,133052,6896,0,22.1565,-100.9855
442,61eab83a50fb09bc0bd862ff,Mexico_Sinaloa,True,90517,9070,0,25.1721,-107.4795
443,61eab83a50fb09bc0bd86300,Mexico_Sonora,True,136469,9325,0,29.2972,-110.3309
444,61eab83a50fb09bc0bd86301,Mexico_Tabasco,True,162674,5783,0,17.8409,-92.6189
445,61eab83a50fb09bc0bd86302,Mexico_Tamaulipas,True,118373,7202,0,24.2669,-98.8363
446,61eab83a50fb09bc0bd86303,Mexico_Tlaxcala,True,31783,3003,0,19.3139,-98.2404
447,61eab83a50fb09bc0bd86304,Mexico_Unknown,True,0,0,0,,
448,61eab83a50fb09bc0bd86305,Mexico_Veracruz,True,132930,15209,0,19.1738,-96.1342
449,61eab83a50fb09bc0bd86306,Mexico_Yucatan,True,88041,5764,0,20.7099,-89.0943
450,61eab83a50fb09bc0bd86307,Mexico_Zacatecas,True,54878,3512,0,22.7709,-102.5832
451,61eab83a50fb09bc0bd86308,Micronesia,False,1,0,0,7.4256,150.5508
452,61eab83a50fb09bc0bd86309,Moldova,False,400585,10488,4051212,47.4116,28.3699
453,61eab83a50fb09bc0bd8630a,Monaco,False,7160,45,38695,43.7333,7.4167
454,61eab83a50fb09bc0bd8630b,Mongolia,False,417557,2092,3075647,46.8625,103.8467
455,61eab83a50fb09bc0bd8630c,Montenegro,False,209719,2496,0,42.708678000000006,19.37439
456,61eab83a50fb09bc0bd8630d,Morocco,False,1078002,15047,35739580,31.7917,-7.0926
457,61eab83a50fb09bc0bd8630e,Mozambique,False,221432,2146,29668834,-18.665695,35.529562
458,61eab83a50fb09bc0bd8630f,Namibia,False,154897,3884,2533794,-22.9576,18.4904
459,61eab83a50fb09bc0bd86310,Nepal,False,887769,11632,29304998,28.1667,84.25
460,61eab83a50fb09bc0bd86311,Netherlands,False,3802801,21689,17035938,,
461,61eab83a50fb09bc0bd86312,Netherlands_Aruba,True,31835,187,0,12.5211,-69.9683
462,61eab83a50fb09bc0bd86313,"Netherlands_Bonaire, Sint Eustatius and Saba",True,5946,27,0,12.1784,-68.2385
463,61eab83a50fb09bc0bd86314,Netherlands_Curacao,True,35307,210,0,12.1696,-68.99
464,61eab83a50fb09bc0bd86315,Netherlands_Drenthe,True,74928,427,0,52.862485,6.6184350000000025
465,61eab83a50fb09bc0bd86316,Netherlands_Flevoland,True,86053,314,0,52.550383,5.515162
466,61eab83a50fb09bc0bd86317,Netherlands_Friesland,True,112669,586,0,53.087337,5.7925
467,61eab83a50fb09bc0bd86318,Netherlands_Gelderland,True,412955,2614,0,52.061738,5.939114
468,61eab83a50fb09bc0bd86319,Netherlands_Groningen,True,92810,343,0,53.217921999999994,6.741514
469,61eab83a50fb09bc0bd8631a,Netherlands_Limburg,True,254645,2079,0,51.209227,5.93387
470,61eab83a50fb09bc0bd8631b,Netherlands_Noord-Brabant,True,565855,3567,0,51.561174,5.1849419999999995
471,61eab83a50fb09bc0bd8631c,Netherlands_Noord-Holland,True,644724,3151,0,52.60090600000001,4.9186879999999995
472,61eab83a50fb09bc0bd8631d,Netherlands_Overijssel,True,237502,1348,0,52.444557999999994,6.441722
473,61eab83a50fb09bc0bd8631e,Netherlands_Sint Maarten,True,8897,77,0,18.0425,-63.0548
474,61eab83a50fb09bc0bd8631f,Netherlands_Unknown,True,19552,16,0,,
475,61eab83a50fb09bc0bd86320,Netherlands_Utrecht,True,298629,1481,0,52.084251,5.163824
476,61eab83a50fb09bc0bd86321,Netherlands_Zeeland,True,76164,360,0,51.47936,3.8615589999999997
477,61eab83a50fb09bc0bd86322,Netherlands_Zuid-Holland,True,844330,4902,0,51.937835,4.462114
478,61eab83a50fb09bc0bd86323,New Zealand,False,15401,52,4705818,-40.9006,174.886
479,61eab83a50fb09bc0bd86324,New Zealand_Cook Islands,True,2,0,0,-21.2367,-159.7777
480,61eab83a50fb09bc0bd86325,Nicaragua,False,17604,219,6217581,12.865416,-85.207229
481,61eab83a50fb09bc0bd86326,Niger,False,8503,295,21477348,17.607789,8.081666
482,61eab83a50fb09bc0bd86327,Nigeria,False,251571,3117,190886311,9.082,8.6753
483,61eab83a50fb09bc0bd86328,North Macedonia,False,250876,8166,2024000,41.6086,21.7453
484,61eab83a50fb09bc0bd86329,Norway,False,571655,1413,5305383,60.472,8.4689
485,61eab83a50fb09bc0bd8632a,Oman,False,318272,4125,4636262,21.512583,55.92325500000001
486,61eab83a50fb09bc0bd8632b,Pakistan,False,1353479,29065,197015955,,
487,61eab83a50fb09bc0bd8632c,Pakistan_Azad Jammu and Kashmir,True,34997,749,0,34.027401,73.947253
488,61eab83a50fb09bc0bd8632d,Pakistan_Balochistan,True,33812,367,0,28.328491999999997,65.898403
489,61eab83a50fb09bc0bd8632e,Pakistan_Gilgit-Baltistan,True,10467,187,0,35.792146,74.982138
490,61eab83a50fb09bc0bd8632f,Pakistan_Islamabad,True,115047,971,0,33.665087,73.121219
491,61eab83a50fb09bc0bd86330,Pakistan_Khyber Pakhtunkhwa,True,183403,5968,0,34.485332,72.09169
492,61eab83a50fb09bc0bd86331,Pakistan_Punjab,True,458879,13096,0,30.811346,72.13913199999998
493,61eab83a50fb09bc0bd86332,Pakistan_Sindh,True,516874,7727,0,26.009446,68.77680699999999
494,61eab83a50fb09bc0bd86333,Palau,False,208,0,21729,7.515,134.5825
495,61eab83a50fb09bc0bd86334,Panama,False,614957,7565,4098587,8.538,-80.7821
496,61eab83a50fb09bc0bd86335,Papua New Guinea,False,36446,596,8251162,-6.314993,143.95555
497,61eab83a50fb09bc0bd86336,Paraguay,False,516555,16887,6811297,-23.4425,-58.4438
498,61eab83a50fb09bc0bd86337,Peru,False,2723166,203750,32165485,,
499,61eab83a50fb09bc0bd86338,Peru_Amazonas,True,34029,1293,0,-5.077253,-78.050172
500,61eab83a50fb09bc0bd86339,Peru_Ancash,True,88759,6789,0,-9.407125,-77.67179499999997
501,61eab83a50fb09bc0bd8633a,Peru_Apurimac,True,27769,1528,0,-14.027713,-72.975378
502,61eab83a50fb09bc0bd8633b,Peru_Arequipa,True,129320,9776,0,-15.843523999999999,-72.475539
503,61eab83a50fb09bc0bd8633c,Peru_Ayacucho,True,36885,2171,0,-14.091648000000001,-74.08344
504,61eab83a50fb09bc0bd8633d,Peru_Cajamarca,True,72311,4205,0,-6.4302839999999994,-78.74559599999998
505,61eab83a50fb09bc0bd8633e,Peru_Callao,True,113655,10146,0,-11.954609,-77.136042
506,61eab83a50fb09bc0bd8633f,Peru_Cusco,True,87145,4854,0,-13.191068,-72.153609
507,61eab83a50fb09bc0bd86340,Peru_Huancavelica,True,17317,1185,0,-13.023888000000001,-75.00277
508,61eab83a50fb09bc0bd86341,Peru_Huanuco,True,39063,2734,0,-9.421676,-76.040642
509,61eab83a50fb09bc0bd86342,Peru_Ica,True,67451,8627,0,-14.235097,-75.574821
510,61eab83a50fb09bc0bd86343,Peru_Junin,True,95384,7121,0,-11.541783,-74.876968
511,61eab83a50fb09bc0bd86344,Peru_La Libertad,True,101353,10420,0,-7.92139,-78.370238
512,61eab83a50fb09bc0bd86345,Peru_Lambayeque,True,72748,8738,0,-6.3530489999999995,-79.824113
513,61eab83a50fb09bc0bd86346,Peru_Lima,True,1132690,89734,0,-11.766533,-76.60449799999998
514,61eab83a50fb09bc0bd86347,Peru_Loreto,True,46244,4285,0,-4.124847,-74.424115
515,61eab83a50fb09bc0bd86348,Peru_Madre de Dios,True,14466,782,0,-11.972699,-70.53171999999998
516,61eab83a50fb09bc0bd86349,Peru_Moquegua,True,32200,1542,0,-16.860271,-70.839046
517,61eab83a50fb09bc0bd8634a,Peru_Pasco,True,17252,1051,0,-10.39655,-75.307635
518,61eab83a50fb09bc0bd8634b,Peru_Piura,True,103155,12327,0,-5.133361,-80.335861
519,61eab83a50fb09bc0bd8634c,Peru_Puno,True,45159,4276,0,-14.995826999999998,-69.922726
520,61eab83a50fb09bc0bd8634d,Peru_San Martin,True,51053,3043,0,-7.039531,-76.729127
521,61eab83a50fb09bc0bd8634e,Peru_Tacna,True,34636,1984,0,-17.644160999999997,-70.27756
522,61eab83a50fb09bc0bd8634f,Peru_Tumbes,True,19965,1600,0,-3.857496,-80.54525500000003
523,61eab83a50fb09bc0bd86350,Peru_Ucayali,True,32780,3091,0,-9.621718,-73.444929
524,61eab83a50fb09bc0bd86351,Peru_Unknown,True,210377,448,0,,
525,61eab83a50fb09bc0bd86352,Philippines,False,3324478,53153,104918090,12.879721,121.77401699999999
526,61eab83a50fb09bc0bd86353,Poland,False,4406553,103378,38170712,51.9194,19.1451
527,61eab83a50fb09bc0bd86354,Portugal,False,2059595,19447,10329506,39.3999,-8.2245
528,61eab83a50fb09bc0bd86355,Qatar,False,314073,632,2639211,25.3548,51.1839
529,61eab83a50fb09bc0bd86356,Romania,False,1964021,59428,19679306,45.9432,24.9668
530,61eab83a50fb09bc0bd86357,Russia,False,10754905,317523,143989754,,
531,61eab83a50fb09bc0bd86358,Russia_Adygea Republic,True,28613,798,0,44.6939006,40.1520421
532,61eab83a50fb09bc0bd86359,Russia_Altai Krai,True,125769,7077,0,52.693224300000004,82.69314240000001
533,61eab83a50fb09bc0bd8635a,Russia_Altai Republic,True,25798,540,0,50.7114101,86.8572186
534,61eab83a50fb09bc0bd8635b,Russia_Amur Oblast,True,57611,632,0,52.8032368,128.437295
535,61eab83a50fb09bc0bd8635c,Russia_Arkhangelsk Oblast,True,127190,1555,0,63.5589686,43.1221646
536,61eab83a50fb09bc0bd8635d,Russia_Astrakhan Oblast,True,84158,2578,0,47.1878186,47.608851
537,61eab83a50fb09bc0bd8635e,Russia_Bashkortostan Republic,True,126361,4611,0,54.8573563,57.1439682
538,61eab83a50fb09bc0bd8635f,Russia_Belgorod Oblast,True,84068,1861,0,50.7080119,37.5837615
539,61eab83a50fb09bc0bd86360,Russia_Bryansk Oblast,True,99754,3111,0,52.887331499999995,33.41585300000001
540,61eab83a50fb09bc0bd86361,Russia_Buryatia Republic,True,78948,2551,0,52.718242599999996,109.492143
541,61eab83a50fb09bc0bd86362,Russia_Chechen Republic,True,32244,979,0,43.39761470000001,45.6985005
542,61eab83a50fb09bc0bd86363,Russia_Chelyabinsk Oblast,True,151321,6398,0,54.4223954,61.1865846
543,61eab83a50fb09bc0bd86364,Russia_Chukotka Autonomous Okrug,True,3000,39,0,66.0006475,169.4900869
544,61eab83a50fb09bc0bd86365,Russia_Chuvashia Republic,True,47721,4160,0,55.4259922,47.0849429
545,61eab83a50fb09bc0bd86366,Russia_Dagestan Republic,True,68384,3297,0,43.05749160000001,47.1332224
546,61eab83a50fb09bc0bd86367,Russia_Ingushetia Republic,True,30037,497,0,43.11542075,45.01713552
547,61eab83a50fb09bc0bd86368,Russia_Irkutsk Oblast,True,163054,7246,0,56.6370122,104.71922099999999
548,61eab83a50fb09bc0bd86369,Russia_Ivanovo Oblast,True,70405,2661,0,56.9167446,41.43521370000001
549,61eab83a50fb09bc0bd8636a,Russia_Jewish Autonomous Okrug,True,12015,439,0,48.57527615,132.66307460000002
550,61eab83a50fb09bc0bd8636b,Russia_Kabardino-Balkarian Republic,True,43656,1537,0,43.480604799999995,43.5978976
551,61eab83a50fb09bc0bd8636c,Russia_Kaliningrad Oblast,True,85842,1367,0,54.7293041,21.1489473
552,61eab83a50fb09bc0bd8636d,Russia_Kalmykia Republic,True,34327,761,0,46.2313018,45.3275745
553,61eab83a50fb09bc0bd8636e,Russia_Kaluga Oblast,True,67716,1269,0,54.438277299999996,35.5272854
554,61eab83a50fb09bc0bd8636f,Russia_Kamchatka Krai,True,24445,524,0,57.191488199999995,160.03838190000005
555,61eab83a50fb09bc0bd86370,Russia_Karachay-Cherkess Republic,True,33456,926,0,43.7368326,41.7267991
556,61eab83a50fb09bc0bd86371,Russia_Karelia Republic,True,93135,1272,0,62.61940309999999,33.4920267
557,61eab83a50fb09bc0bd86372,Russia_Kemerovo Oblast,True,90118,1817,0,54.53357809999999,87.342861
558,61eab83a50fb09bc0bd86373,Russia_Khabarovsk Krai,True,130183,1308,0,51.6312684,136.121524
559,61eab83a50fb09bc0bd86374,Russia_Khakassia Republic,True,55204,2089,0,53.72258845,91.44293627
560,61eab83a50fb09bc0bd86375,Russia_Khanty-Mansi Autonomous Okrug,True,99486,2115,0,61.0259025,69.0982628
561,61eab83a50fb09bc0bd86376,Russia_Kirov Oblast,True,82647,797,0,57.9665589,49.4074599
562,61eab83a50fb09bc0bd86377,Russia_Komi Republic,True,99596,2732,0,63.9881421,54.3326073
563,61eab83a50fb09bc0bd86378,Russia_Kostroma Oblast,True,49593,1148,0,58.424756,44.253327299999995
564,61eab83a50fb09bc0bd86379,Russia_Krasnodar Krai,True,128291,9977,0,45.768401399999995,39.0261044
565,61eab83a50fb09bc0bd8637a,Russia_Krasnoyarsk Krai,True,179110,9200,0,63.3233807,97.09799740000001
566,61eab83a50fb09bc0bd8637b,Russia_Kurgan Oblast,True,52364,1036,0,55.7655302,64.5632681
567,61eab83a50fb09bc0bd8637c,Russia_Kursk Oblast,True,83876,2134,0,51.6568453,36.4852695
568,61eab83a50fb09bc0bd8637d,Russia_Leningrad Oblast,True,106883,3103,0,60.185329599999996,32.3925325
569,61eab83a50fb09bc0bd8637e,Russia_Lipetsk Oblast,True,86946,2955,0,52.693517799999995,39.112266399999996
570,61eab83a50fb09bc0bd8637f,Russia_Magadan Oblast,True,13956,356,0,62.48858785,153.9903764
571,61eab83a50fb09bc0bd86380,Russia_Mari El Republic,True,30227,960,0,56.576750399999995,47.881751200000004
572,61eab83a50fb09bc0bd86381,Russia_Mordovia Republic,True,41622,1101,0,54.4419829,44.466114399999995
573,61eab83a50fb09bc0bd86382,Russia_Moscow,True,2124927,38154,0,55.7504461,37.6174943
574,61eab83a50fb09bc0bd86383,Russia_Moscow Oblast,True,675154,12918,0,55.50431579999999,38.0353929
575,61eab83a50fb09bc0bd86384,Russia_Murmansk Oblast,True,94107,2868,0,68.00004179999999,33.9999151
576,61eab83a50fb09bc0bd86385,Russia_Nenets Autonomous Okrug,True,3587,89,0,68.27557185,57.1686375
577,61eab83a50fb09bc0bd86386,Russia_Nizhny Novgorod Oblast,True,238918,10289,0,55.47180329999999,44.091159399999995
578,61eab83a50fb09bc0bd86387,Russia_North Ossetia - Alania Republic,True,32364,1050,0,42.79336110000001,44.6324493
579,61eab83a50fb09bc0bd86388,Russia_Novgorod Oblast,True,67671,808,0,58.2843833,32.516975699999996
580,61eab83a50fb09bc0bd86389,Russia_Novosibirsk Oblast,True,99838,4492,0,54.9720169,79.48139240000002
581,61eab83a50fb09bc0bd8638a,Russia_Omsk Oblast,True,135368,3390,0,56.09352629999999,73.5099936
582,61eab83a50fb09bc0bd8638b,Russia_Orel Oblast,True,73215,1592,0,52.96854329999999,36.0692477
583,61eab83a50fb09bc0bd8638c,Russia_Orenburg Oblast,True,110181,3557,0,52.02692620000001,54.7276647
584,61eab83a50fb09bc0bd8638d,Russia_Penza Oblast,True,105340,4809,0,53.1655415,44.78791810000001
585,61eab83a50fb09bc0bd8638e,Russia_Perm Krai,True,167657,7691,0,58.5951603,56.3159546
586,61eab83a50fb09bc0bd8638f,Russia_Primorsky Krai,True,107864,1652,0,45.0819456,134.726645
587,61eab83a50fb09bc0bd86390,Russia_Pskov Oblast,True,73298,1369,0,57.535872899999994,28.8586826
588,61eab83a50fb09bc0bd86391,Russia_Rostov Oblast,True,201849,9922,0,47.6222451,40.7957942
589,61eab83a50fb09bc0bd86392,Russia_Ryazan Oblast,True,63435,2758,0,54.42267320000001,40.57052460000001
590,61eab83a50fb09bc0bd86393,Russia_Saint Petersburg,True,897851,29248,0,59.960673899999996,30.158655100000004
591,61eab83a50fb09bc0bd86394,Russia_Sakha (Yakutiya) Republic,True,80027,1838,0,66.941626,129.642371
592,61eab83a50fb09bc0bd86395,Russia_Sakhalin Oblast,True,44468,600,0,49.7219665,143.448533
593,61eab83a50fb09bc0bd86396,Russia_Samara Oblast,True,205608,6577,0,53.2128813,50.8914633
594,61eab83a50fb09bc0bd86397,Russia_Saratov Oblast,True,137249,5257,0,51.652055499999996,46.86319520000001
595,61eab83a50fb09bc0bd86398,Russia_Smolensk Oblast,True,87473,2499,0,55.03434960000001,33.0192065
596,61eab83a50fb09bc0bd86399,Russia_Stavropol Krai,True,132286,6334,0,44.86325770000001,43.4406913
597,61eab83a50fb09bc0bd8639a,Russia_Sverdlovsk Oblast,True,208071,9822,0,58.6414755,61.802154599999994
598,61eab83a50fb09bc0bd8639b,Russia_Tambov Oblast,True,64507,1854,0,52.9019574,41.3578918
599,61eab83a50fb09bc0bd8639c,Russia_Tatarstan Republic,True,44745,1540,0,55.7648572,52.43104273
600,61eab83a50fb09bc0bd8639d,Russia_Tomsk Oblast,True,64292,691,0,58.6124279,82.04753149999998
601,61eab83a50fb09bc0bd8639e,Russia_Tula Oblast,True,79432,4481,0,53.9570701,37.369090899999996
602,61eab83a50fb09bc0bd8639f,Russia_Tver Oblast,True,102966,2430,0,57.1134475,35.174442799999994
603,61eab83a50fb09bc0bd863a0,Russia_Tyumen Oblast,True,94843,3639,0,58.8206488,70.36588370000001
604,61eab83a50fb09bc0bd863a1,Russia_Tyva Republic,True,31992,332,0,51.401714899999995,93.8582593
605,61eab83a50fb09bc0bd863a2,Russia_Udmurt Republic,True,80876,3290,0,57.1961165,52.69598320000001
606,61eab83a50fb09bc0bd863a3,Russia_Ulyanovsk Oblast,True,122701,3998,0,54.146317700000004,47.2324921
607,61eab83a50fb09bc0bd863a4,Russia_Vladimir Oblast,True,85051,3029,0,56.0503336,40.656163299999996
608,61eab83a50fb09bc0bd863a5,Russia_Volgograd Oblast,True,133547,5848,0,49.604833899999996,44.29035820000001
609,61eab83a50fb09bc0bd863a6,Russia_Vologda Oblast,True,102209,3121,0,60.0391461,43.1215213
610,61eab83a50fb09bc0bd863a7,Russia_Voronezh Oblast,True,199670,7178,0,50.9800393,40.15065070000001
611,61eab83a50fb09bc0bd863a8,Russia_Yamalo-Nenets Autonomous Okrug,True,63373,974,0,67.1471631,74.3415488
612,61eab83a50fb09bc0bd863a9,Russia_Yaroslavl Oblast,True,89622,2036,0,57.77819760000001,39.002109499999996
613,61eab83a50fb09bc0bd863aa,Russia_Zabaykalsky Krai,True,98143,1985,0,52.248521000000004,115.956325
614,61eab83a50fb09bc0bd863ab,Rwanda,False,127227,1422,12208407,-1.9403,29.8739
615,61eab83a50fb09bc0bd863ac,Saint Kitts and Nevis,False,5141,28,55345,17.357822,-62.782998
616,61eab83a50fb09bc0bd863ad,Saint Lucia,False,18322,316,178844,13.9094,-60.9789
617,61eab83a50fb09bc0bd863ae,Saint Vincent and the Grenadines,False,6615,90,109897,12.9843,-61.2872
618,61eab83a50fb09bc0bd863af,Samoa,False,13,0,196440,-13.759,-172.1046
619,61eab83a50fb09bc0bd863b0,San Marino,False,11278,106,33400,43.9424,12.4578
620,61eab83a50fb09bc0bd863b1,Sao Tome and Principe,False,5785,67,204327,0.1864,6.6131
621,61eab83a50fb09bc0bd863b2,Saudi Arabia,False,638327,8914,32938213,23.885942,45.079162
622,61eab83a50fb09bc0bd863b3,Senegal,False,83752,1917,15850567,14.4974,-14.4524
623,61eab83a50fb09bc0bd863b4,Serbia,False,1501621,13181,0,44.0165,21.0059
624,61eab83a50fb09bc0bd863b5,Seychelles,False,34367,143,94737,-4.6796,55.492
625,61eab83a50fb09bc0bd863b6,Sierra Leone,False,7567,125,7557212,8.460555000000001,-11.779889
626,61eab83a50fb09bc0bd863b7,Singapore,False,297549,845,5708844,1.2833,103.8333
627,61eab83a50fb09bc0bd863b8,Slovakia,False,1438877,17520,5447662,48.669,19.699
628,61eab83a50fb09bc0bd863b9,Slovenia,False,569620,5732,2079976,46.1512,14.9955
629,61eab83a50fb09bc0bd863ba,Solomon Islands,False,81,0,611343,-9.6457,160.1562
630,61eab83a50fb09bc0bd863bb,Somalia,False,24322,1335,14742523,5.152149,46.199616
631,61eab83a50fb09bc0bd863bc,South Africa,False,3572860,93846,56717156,-30.5595,22.9375
632,61eab83a50fb09bc0bd863bd,South Sudan,False,16627,137,12575714,6.8770000000000024,31.307
633,61eab83a50fb09bc0bd863be,Spain,False,8834363,91599,46354321,,
634,61eab83a50fb09bc0bd863bf,Spain_Andalusia,True,1171501,11735,0,37.5443,-4.7278
635,61eab83a50fb09bc0bd863c0,Spain_Aragon,True,325495,4301,0,41.5976,-0.9057
636,61eab83a50fb09bc0bd863c1,Spain_Asturias,True,150988,2227,0,43.3614,-5.8593
637,61eab83a50fb09bc0bd863c2,Spain_Baleares,True,196361,1104,0,39.710358,2.995148
638,61eab83a50fb09bc0bd863c3,Spain_C. Valenciana,True,913497,8343,0,39.484,-0.7533
639,61eab83a50fb09bc0bd863c4,Spain_Canarias,True,237399,1313,0,28.2916,-16.6291
640,61eab83a50fb09bc0bd863c5,Spain_Cantabria,True,94875,655,0,43.1828,-3.9878
641,61eab83a50fb09bc0bd863c6,Spain_Castilla - La Mancha,True,389613,6717,0,39.2796,-3.0977
642,61eab83a50fb09bc0bd863c7,Spain_Castilla y Leon,True,547258,7762,0,41.8357,-4.3976
643,61eab83a50fb09bc0bd863c8,Spain_Catalonia,True,1703180,16234,0,41.5912,1.5209
644,61eab83a50fb09bc0bd863c9,Spain_Ceuta,True,15575,136,0,35.8894,-5.3213
645,61eab83a50fb09bc0bd863ca,Spain_Extremadura,True,189542,2079,0,39.4937,-6.0679
646,61eab83a50fb09bc0bd863cb,Spain_Galicia,True,386761,2854,0,42.5751,-8.1339
647,61eab83a50fb09bc0bd863cc,Spain_La Rioja,True,77153,873,0,42.2871,-2.5396
648,61eab83a50fb09bc0bd863cd,Spain_Madrid,True,1395247,16475,0,40.4168,-3.7038
649,61eab83a50fb09bc0bd863ce,Spain_Melilla,True,17483,125,0,35.2923,-2.9381
650,61eab83a50fb09bc0bd863cf,Spain_Murcia,True,278829,1907,0,37.9922,-1.1307
651,61eab83a50fb09bc0bd863d0,Spain_Navarra,True,188491,1366,0,42.6954,-1.6761
652,61eab83a50fb09bc0bd863d1,Spain_Pais Vasco,True,555115,5393,0,42.9896,-2.6189
653,61eab83a50fb09bc0bd863d2,Spain_Unknown,True,0,0,0,,
654,61eab83a50fb09bc0bd863d3,Sri Lanka,False,599363,15255,20876917,7.873054,80.77179699999998
655,61eab83a50fb09bc0bd863d4,Sudan,False,53959,3393,40533330,12.8628,30.2176
656,61eab83a50fb09bc0bd863d5,Summer Olympics 2020,False,865,0,0,35.6491,139.7737
657,61eab83a50fb09bc0bd863d6,Suriname,False,68560,1228,563402,3.9193,-56.0278
658,61eab83a50fb09bc0bd863d7,Sweden,False,1741710,15631,9910701,,
659,61eab83a50fb09bc0bd863d8,Sweden_Blekinge,True,18741,140,0,56.2784,15.017999999999999
660,61eab83a50fb09bc0bd863d9,Sweden_Dalarna,True,44084,371,0,61.0917,14.6664
661,61eab83a50fb09bc0bd863da,Sweden_Gavleborg,True,51006,582,0,61.3012,16.1534
662,61eab83a50fb09bc0bd863db,Sweden_Gotland,True,7226,55,0,57.4684,18.4867
663,61eab83a50fb09bc0bd863dc,Sweden_Halland,True,70048,345,0,56.8967,12.8034
664,61eab83a50fb09bc0bd863dd,Sweden_Jamtland Harjedalen,True,23093,131,0,63.1712,14.9592
665,61eab83a50fb09bc0bd863de,Sweden_Jonkoping,True,62041,577,0,57.3708,14.3439
666,61eab83a50fb09bc0bd863df,Sweden_Kalmar,True,36823,267,0,57.235,16.1849
667,61eab83a50fb09bc0bd863e0,Sweden_Kronoberg,True,32900,335,0,56.7183,14.4115
668,61eab83a50fb09bc0bd863e1,Sweden_Norrbotten,True,35530,300,0,66.8309,20.3992
669,61eab83a50fb09bc0bd863e2,Sweden_Orebro,True,53859,367,0,59.535,15.0066
670,61eab83a50fb09bc0bd863e3,Sweden_Ostergotland,True,61101,675,0,58.3454,15.5198
671,61eab83a50fb09bc0bd863e4,Sweden_Skane,True,247514,1893,0,55.9903,13.5958
672,61eab83a50fb09bc0bd863e5,Sweden_Sormland,True,43306,500,0,59.0336,16.7519
673,61eab83a50fb09bc0bd863e6,Sweden_Stockholm,True,438069,4655,0,59.6025,18.1384
674,61eab83a50fb09bc0bd863e7,Sweden_Uppsala,True,62653,566,0,60.0092,17.2715
675,61eab83a50fb09bc0bd863e8,Sweden_Varmland,True,37117,234,0,59.7294,13.2354
676,61eab83a50fb09bc0bd863e9,Sweden_Vasterbotten,True,37210,205,0,65.3337,16.5162
677,61eab83a50fb09bc0bd863ea,Sweden_Vasternorrland,True,37110,489,0,63.4276,17.7292
678,61eab83a50fb09bc0bd863eb,Sweden_Vastmanland,True,49509,394,0,59.6714,16.2159
679,61eab83a50fb09bc0bd863ec,Sweden_Vastra Gotaland,True,292770,2550,0,58.2528,13.0596
680,61eab83a50fb09bc0bd863ed,Switzerland,False,1841317,12569,8476005,46.8182,8.2275
681,61eab83a50fb09bc0bd863ee,Syria,False,50862,2959,18269868,34.802075,38.99681500000001
682,61eab83a50fb09bc0bd863ef,Taiwan*,False,18041,851,0,23.7,121.0
683,61eab83a50fb09bc0bd863f0,Tajikistan,False,17493,125,8921343,38.861,71.2761
684,61eab83a50fb09bc0bd863f1,Tanzania,False,32393,753,57310019,-6.369028,34.888822
685,61eab83a50fb09bc0bd863f2,Thailand,False,2361702,22000,69037513,15.870032,100.992541
686,61eab83a50fb09bc0bd863f3,Timor-Leste,False,19866,122,0,-8.874217,125.727539
687,61eab83a50fb09bc0bd863f4,Togo,False,36176,266,7797694,8.6195,0.8248
688,61eab83a50fb09bc0bd863f5,Tonga,False,1,0,108020,-21.179000000000002,-175.1982
689,61eab83a50fb09bc0bd863f6,Trinidad and Tobago,False,104005,3256,1369125,10.6918,-61.2225
690,61eab83a50fb09bc0bd863f7,Tunisia,False,817051,25881,11532127,33.886917,9.537499
691,61eab83a50fb09bc0bd863f8,Turkey,False,10736215,85419,80745020,38.9637,35.2433
692,61eab83a50fb09bc0bd863f9,US,False,69308111,860247,324459463,,
693,61eab83a50fb09bc0bd863fa,US_Alabama,True,5877,114,0,34.15030532,-87.37325922
694,61eab83a50fb09bc0bd863fb,US_Alaska,True,958,8,0,65.50815459,-151.39073869999999
695,61eab83a50fb09bc0bd863fc,US_American Samoa,True,18,0,0,-14.270999999999999,-170.132
696,61eab83a50fb09bc0bd863fd,US_Arizona,True,52968,1023,0,32.76895712,-113.90666740000002
697,61eab83a50fb09bc0bd863fe,US_Arkansas,True,5878,92,0,35.00292371,-93.41171338
698,61eab83a50fb09bc0bd863ff,US_California,True,13876,104,0,39.26255932,-121.35356440000001
699,61eab83a50fb09bc0bd86400,US_Colorado,True,1629,22,0,40.00346839,-102.4258673
700,61eab83a50fb09bc0bd86401,US_Connecticut,True,22805,260,0,41.82972709,-71.98182316
701,61eab83a50fb09bc0bd86402,US_Delaware,True,863,0,0,,
702,61eab83a50fb09bc0bd86403,US_Diamond Princess,True,49,0,0,,
703,61eab83a50fb09bc0bd86404,US_District of Columbia,True,126187,1263,0,38.90417773,-77.01655992
704,61eab83a50fb09bc0bd86405,US_Florida,True,5346,75,0,30.61359259,-85.66002461
705,61eab83a50fb09bc0bd86406,US_Georgia,True,4029,97,0,31.55162306,-83.85090513
706,61eab83a50fb09bc0bd86407,US_Grand Princess,True,103,3,0,,
707,61eab83a50fb09bc0bd86408,US_Guam,True,25757,276,0,13.4443,144.7937
708,61eab83a50fb09bc0bd86409,US_Hawaii,True,0,0,0,,
709,61eab83a50fb09bc0bd8640a,US_Idaho,True,2035,52,0,44.45275475,-116.78476880000001
710,61eab83a50fb09bc0bd8640b,US_Illinois,True,9227,99,0,40.78579374,-89.20973757
711,61eab83a50fb09bc0bd8640c,US_Indiana,True,8743,71,0,41.13863784,-85.50791236
712,61eab83a50fb09bc0bd8640d,US_Iowa,True,3346,56,0,42.73305373,-93.73515113
713,61eab83a50fb09bc0bd8640e,US_Kansas,True,41760,418,0,39.11727348,-94.76378225
714,61eab83a50fb09bc0bd8640f,US_Kentucky,True,5315,39,0,38.04178222,-84.7417556
715,61eab83a50fb09bc0bd86410,US_Louisiana,True,3497,58,0,31.94449367,-92.63789413
716,61eab83a50fb09bc0bd86411,US_Maine,True,27494,203,0,43.47808377,-70.71052375
717,61eab83a50fb09bc0bd86412,US_Maryland,True,7680,139,0,38.21274277,-75.33200012
718,61eab83a50fb09bc0bd86413,US_Massachusetts,True,170792,2702,0,42.35026951,-71.90493363
719,61eab83a50fb09bc0bd86414,US_Michigan,True,5669,92,0,44.33853602,-85.57712739
720,61eab83a50fb09bc0bd86415,US_Minnesota,True,2198,26,0,44.71710183,-95.86842453
721,61eab83a50fb09bc0bd86416,US_Mississippi,True,6945,94,0,32.77890365,-90.39656148
722,61eab83a50fb09bc0bd86417,US_Missouri,True,3289,69,0,37.27029221,-92.46914488
723,61eab83a50fb09bc0bd86418,US_Montana,True,35177,485,0,45.93955949,-108.26914860000001
724,61eab83a50fb09bc0bd86419,US_Nebraska,True,3113,11,0,40.87272618,-97.59710186
725,61eab83a50fb09bc0bd8641a,US_Nevada,True,1647,18,0,39.44157041,-114.89996599999999
726,61eab83a50fb09bc0bd8641b,US_New Hampshire,True,7338,17,0,,
727,61eab83a50fb09bc0bd8641c,US_New Jersey,True,22073,301,0,40.85951833,-74.99556527
728,61eab83a50fb09bc0bd8641d,US_New Mexico,True,15235,215,0,34.71669834,-106.8103733
729,61eab83a50fb09bc0bd8641e,US_New York,True,2913,36,0,42.63505484,-77.10369919
730,61eab83a50fb09bc0bd8641f,US_North Carolina,True,4164,38,0,35.90079156,-82.31237181
731,61eab83a50fb09bc0bd86420,US_North Dakota,True,9217,65,0,48.34522353,-103.4793387
732,61eab83a50fb09bc0bd86421,US_Northern Mariana Islands,True,4119,21,0,15.0979,145.6739
733,61eab83a50fb09bc0bd86422,US_Ohio,True,4915,90,0,40.84339621,-83.30734173
734,61eab83a50fb09bc0bd86423,US_Oklahoma,True,4492,58,0,36.42316318,-99.26283045
735,61eab83a50fb09bc0bd86424,US_Oregon,True,13663,168,0,45.23330449,-123.3086963
736,61eab83a50fb09bc0bd86425,US_Pennsylvania,True,107537,1302,0,39.9210089,-76.73040131
737,61eab83a50fb09bc0bd86426,US_Puerto Rico,True,3241,0,0,18.080374,-66.858814
738,61eab83a50fb09bc0bd86427,US_Recovered,True,0,0,0,,
739,61eab83a50fb09bc0bd86428,US_Rhode Island,True,26068,202,0,41.45961631,-71.61435303
740,61eab83a50fb09bc0bd86429,US_South Carolina,True,65395,550,0,34.97281497,-81.18085944
741,61eab83a50fb09bc0bd8642a,US_South Dakota,True,508,11,0,44.97881876,-101.6654622
742,61eab83a50fb09bc0bd8642b,US_Tennessee,True,34861,424,0,36.15496772,-86.29775884
743,61eab83a50fb09bc0bd8642c,US_Texas,True,3409,56,0,28.86617238,-99.76050829
744,61eab83a50fb09bc0bd8642d,US_Utah,True,63435,385,0,41.27116049,-111.9145117
745,61eab83a50fb09bc0bd8642e,US_Vermont,True,6220,47,0,43.58010937,-72.58595157
746,61eab83a50fb09bc0bd8642f,US_Virgin Islands,True,14158,94,0,18.3358,-64.8963
747,61eab83a50fb09bc0bd86430,US_Virginia,True,8514,87,0,37.24374789,-76.54412815
748,61eab83a50fb09bc0bd86431,US_Washington,True,55699,671,0,46.45738486,-120.73801259999999
749,61eab83a50fb09bc0bd86432,US_West Virginia,True,5171,80,0,37.612327,-81.54511071
750,61eab83a50fb09bc0bd86433,US_Wisconsin,True,18173,194,0,44.45537896,-90.04158336
751,61eab83a50fb09bc0bd86434,US_Wyoming,True,1341,16,0,43.83961191,-104.56748809999999
752,61eab83a50fb09bc0bd86435,Uganda,False,159521,3459,42862958,1.373333,32.290275
753,61eab83a50fb09bc0bd86436,Ukraine,False,3982738,105380,44222947,,
754,61eab83a50fb09bc0bd86437,Ukraine_Cherkasy Oblast,True,132563,2735,0,49.4444,32.0598
755,61eab83a50fb09bc0bd86438,Ukraine_Chernihiv Oblast,True,97625,2547,0,51.4982,31.2893
756,61eab83a50fb09bc0bd86439,Ukraine_Chernivtsi Oblast,True,124255,3069,0,48.2917,25.9352
757,61eab83a50fb09bc0bd8643a,Ukraine_Crimea Republic*,True,129015,4616,0,45.2835,34.2008
758,61eab83a50fb09bc0bd8643b,Ukraine_Dnipropetrovsk Oblast,True,246392,9070,0,48.4647,35.0462
759,61eab83a50fb09bc0bd8643c,Ukraine_Donetsk Oblast,True,172138,5248,0,48.0159,37.8028
760,61eab83a50fb09bc0bd8643d,Ukraine_Ivano-Frankivsk Oblast,True,139287,3177,0,48.9226,24.7111
761,61eab83a50fb09bc0bd8643e,Ukraine_Kharkiv Oblast,True,251750,6516,0,49.9935,36.2304
762,61eab83a50fb09bc0bd8643f,Ukraine_Kherson Oblast,True,80546,2732,0,46.6354,32.6169
763,61eab83a50fb09bc0bd86440,Ukraine_Khmelnytskyi Oblast,True,151932,3435,0,49.423,26.9871
764,61eab83a50fb09bc0bd86441,Ukraine_Kiev,True,348905,8401,0,50.4501,30.5234
765,61eab83a50fb09bc0bd86442,Ukraine_Kiev Oblast,True,190606,4792,0,50.053000000000004,30.7667
766,61eab83a50fb09bc0bd86443,Ukraine_Kirovohrad Oblast,True,34305,1612,0,48.5079,32.2623
767,61eab83a50fb09bc0bd86444,Ukraine_Luhansk Oblast,True,61410,2247,0,48.574,39.3078
768,61eab83a50fb09bc0bd86445,Ukraine_Lviv Oblast,True,231004,6122,0,49.8397,24.0297
769,61eab83a50fb09bc0bd86446,Ukraine_Mykolaiv Oblast,True,117672,3363,0,46.975,31.9946
770,61eab83a50fb09bc0bd86447,Ukraine_Odessa Oblast,True,246229,5670,0,46.4846,30.7326
771,61eab83a50fb09bc0bd86448,Ukraine_Poltava Oblast,True,145752,3905,0,49.5883,34.5514
772,61eab83a50fb09bc0bd86449,Ukraine_Rivne Oblast,True,131559,2331,0,50.6199,26.2516
773,61eab83a50fb09bc0bd8644a,Ukraine_Sevastopol*,True,54341,1921,0,44.6054,33.522
774,61eab83a50fb09bc0bd8644b,Ukraine_Sumy Oblast,True,137673,2925,0,50.9077,34.7981
775,61eab83a50fb09bc0bd8644c,Ukraine_Ternopil Oblast,True,113024,2188,0,49.5535,25.5948
776,61eab83a50fb09bc0bd8644d,Ukraine_Vinnytsia Oblast,True,118636,3269,0,49.2331,28.4682
777,61eab83a50fb09bc0bd8644e,Ukraine_Volyn Oblast,True,105598,2227,0,50.7472,25.3254
778,61eab83a50fb09bc0bd8644f,Ukraine_Zakarpattia Oblast,True,91563,2500,0,48.6208,22.2879
779,61eab83a50fb09bc0bd86450,Ukraine_Zaporizhia Oblast,True,184494,5447,0,47.8388,35.1396
780,61eab83a50fb09bc0bd86451,Ukraine_Zhytomyr Oblast,True,144464,3315,0,50.2547,28.6587
781,61eab83a50fb09bc0bd86452,United Arab Emirates,False,816945,2204,9400145,23.424076,53.847818000000004
782,61eab83a50fb09bc0bd86453,United Kingdom,False,15718193,153710,66181585,,
783,61eab83a50fb09bc0bd86454,United Kingdom_Anguilla,True,2187,7,0,18.2206,-63.0686
784,61eab83a50fb09bc0bd86455,United Kingdom_Bermuda,True,9766,112,0,32.3078,-64.7505
785,61eab83a50fb09bc0bd86456,United Kingdom_British Virgin Islands,True,5602,47,0,18.4207,-64.64
786,61eab83a50fb09bc0bd86457,United Kingdom_Cayman Islands,True,12023,15,0,19.3133,-81.2546
787,61eab83a50fb09bc0bd86458,United Kingdom_Channel Islands,True,37952,124,0,49.3723,-2.3644
788,61eab83a50fb09bc0bd86459,United Kingdom_England,True,13255586,133245,0,52.3555,-1.1743
789,61eab83a50fb09bc0bd8645a,United Kingdom_Falkland Islands (Malvinas),True,85,0,0,-51.7963,-59.5236
790,61eab83a50fb09bc0bd8645b,United Kingdom_Gibraltar,True,11392,100,0,36.1408,-5.3536
791,61eab83a50fb09bc0bd8645c,United Kingdom_Isle of Man,True,20306,70,0,54.2361,-4.5481
792,61eab83a50fb09bc0bd8645d,United Kingdom_Montserrat,True,151,1,0,16.742498,-62.187366000000004
793,61eab83a50fb09bc0bd8645e,United Kingdom_Northern Ireland,True,496038,3056,0,54.7877,-6.4923
794,61eab83a50fb09bc0bd8645f,"United Kingdom_Saint Helena, Ascension and Tristan da Cunha",True,4,0,0,-7.9467,-14.3559
795,61eab83a50fb09bc0bd86460,United Kingdom_Scotland,True,1110186,10149,0,56.4907,-4.2026
796,61eab83a50fb09bc0bd86461,United Kingdom_Turks and Caicos Islands,True,5442,32,0,21.69400000000001,-71.7979
797,61eab83a50fb09bc0bd86462,United Kingdom_Unknown,True,0,0,0,,
798,61eab83a50fb09bc0bd86463,United Kingdom_Wales,True,751473,6752,0,52.1307,-3.7837
799,61eab83a50fb09bc0bd86464,Uruguay,False,556163,6272,3456750,-32.5228,-55.7658
800,61eab83a50fb09bc0bd86465,Uzbekistan,False,209578,1529,31910641,41.377491,64.585262
801,61eab83a50fb09bc0bd86466,Vanuatu,False,7,1,276244,-15.3767,166.9592
802,61eab83a50fb09bc0bd86467,Venezuela,False,463145,5395,31977065,6.4238,-66.5897
803,61eab83a50fb09bc0bd86468,Vietnam,False,2094802,36266,95540800,14.058323999999999,108.277199
804,61eab83a50fb09bc0bd86469,West Bank and Gaza,False,479343,5036,0,31.9522,35.2332
805,61eab83a50fb09bc0bd8646a,Yemen,False,10507,1995,28250420,15.552726999999999,48.516388
806,61eab83a50fb09bc0bd8646b,Zambia,False,299971,3879,17094130,-13.133897,27.849332
807,61eab83a50fb09bc0bd8646c,Zimbabwe,False,227552,5276,16529904,-19.015438,29.154857
808,61eab83a50fb09bc0bd8646d,Global,False,342503171,5574201,7444509223,,
